character1,character2
MULLIGAN,MADISON
MULLIGAN,LAFAYETTE
MULLIGAN,JEFFERSON
MADISON,LAFAYETTE
MADISON,JEFFERSON
LAFAYETTE,JEFFERSON
LAURENS,PHILIP
ELIZA,ANGELICA
ELIZA,PEGGY
ELIZA,MARIA
ANGELICA,PEGGY
ANGELICA,MARIA
PEGGY,MARIA
LAURENS,LAFAYETTE
LAURENS,MULLIGAN
LAFAYETTE,MULLIGAN
LAFAYETTE,LAURENS
LAURENS,LAFAYETTE
LAURENS,MULLIGAN
LAFAYETTE,MULLIGAN
LAFAYETTE,MULLIGAN
MULLIGAN,LAFAYETTE
MULLIGAN,LAURENS
LAFAYETTE,LAURENS
HAMILTON,LAFAYETTE
HAMILTON,MULLIGAN
HAMILTON,LAURENS
LAFAYETTE,MULLIGAN
LAFAYETTE,LAURENS
MULLIGAN,LAURENS
LAFAYETTE,MULLIGAN
LAFAYETTE,LAURENS
MULLIGAN,LAURENS
HAMILTON,MULLIGAN
HAMILTON,LAURENS
HAMILTON,LAFAYETTE
MULLIGAN,LAURENS
MULLIGAN,LAFAYETTE
LAURENS,LAFAYETTE
HAMILTON,LAURENS
HAMILTON,LAFAYETTE
HAMILTON,MULLIGAN
LAURENS,LAFAYETTE
LAURENS,MULLIGAN
LAFAYETTE,MULLIGAN
HAMILTON,LAURENS
HAMILTON,LAFAYETTE
HAMILTON,MULLIGAN
LAURENS,LAFAYETTE
LAURENS,MULLIGAN
LAFAYETTE,MULLIGAN
HAMILTON,LAURENS
HAMILTON,LAFAYETTE
HAMILTON,MULLIGAN
LAURENS,LAFAYETTE
LAURENS,MULLIGAN
LAFAYETTE,MULLIGAN
HAMILTON,LAURENS
HAMILTON,LAFAYETTE
HAMILTON,MULLIGAN
HAMILTON,ENSEMBLE
LAURENS,LAFAYETTE
LAURENS,MULLIGAN
LAURENS,ENSEMBLE
LAFAYETTE,MULLIGAN
LAFAYETTE,ENSEMBLE
MULLIGAN,ENSEMBLE
HAMILTON,LAFAYETTE
HAMILTON,MULLIGAN
LAFAYETTE,MULLIGAN
LAURENS,ENSEMBLE
HAMILTON,COMPANY
HAMILTON,LAURENS
HAMILTON,LAFAYETTE
HAMILTON,MULLIGAN
LAURENS,LAFAYETTE
LAURENS,MULLIGAN
LAFAYETTE,MULLIGAN
HAMILTON,LAFAYETTE
HAMILTON,LAURENS
HAMILTON,MULLIGAN
LAFAYETTE,LAURENS
LAFAYETTE,MULLIGAN
LAURENS,MULLIGAN
HAMILTON,LAFAYETTE
HAMILTON,MULLIGAN
HAMILTON,LAURENS
LAFAYETTE,MULLIGAN
LAFAYETTE,LAURENS
MULLIGAN,LAURENS
LAFAYETTE,MULLIGAN
LAFAYETTE,LAURENS
MULLIGAN,LAURENS
LAFAYETTE,MULLIGAN
LAFAYETTE,LAURENS
MULLIGAN,LAURENS
LAFAYETTE,MULLIGAN
LAFAYETTE,LAURENS
MULLIGAN,LAURENS
LAURENS,MULLIGAN
MULLIGAN,LAFAYETTE
MULLIGAN,LAURENS
LAFAYETTE,LAURENS
LAURENS,MULLIGAN
LAURENS,LAFAYETTE
MULLIGAN,LAFAYETTE
MULLIGAN,LAFAYETTE
HAMILTON,LAURENS
HAMILTON,MULLIGAN
HAMILTON,LAFAYETTE
LAURENS,MULLIGAN
LAURENS,LAFAYETTE
MULLIGAN,LAFAYETTE
HAMILTON,LAURENS
MULLIGAN,LAFAYETTE
HAMILTON,LAURENS
HAMILTON,ENSEMBLE
LAURENS,ENSEMBLE
MULLIGAN,LAFAYETTE
MULLIGAN,ENSEMBLE
LAFAYETTE,ENSEMBLE
ELIZA,PEGGY
ANGELICA,ELIZA
ANGELICA,PEGGY
ANGELICA,COMPANY
ELIZA,PEGGY
ELIZA,COMPANY
PEGGY,COMPANY
ANGELICA,MALE ENSEMBLE
ELIZA,ANGELICA
ELIZA,PEGGY
ANGELICA,PEGGY
ELIZA,ANGELICA
ELIZA,PEGGY
ANGELICA,PEGGY
ELIZA,PEGGY
ELIZA,ANGELICA
ELIZA,PEGGY
ANGELICA,PEGGY
ANGELICA,ELIZA
ANGELICA,PEGGY
ANGELICA,COMPANY
ELIZA,PEGGY
ELIZA,COMPANY
PEGGY,COMPANY
ANGELICA,ELIZA
ANGELICA,PEGGY
ELIZA,PEGGY
ELIZA,PEGGY
ELIZA,PEGGY
ANGELICA,ELIZA
ANGELICA,PEGGY
ELIZA,PEGGY
ELIZA,PEGGY
SEABURY,HAMILTON
HAMILTON,BURR
HAMILTON,MULLIGAN
HAMILTON,LAURENS
HAMILTON,LAFAYETTE
BURR,MULLIGAN
BURR,LAURENS
BURR,LAFAYETTE
MULLIGAN,LAURENS
MULLIGAN,LAFAYETTE
LAURENS,LAFAYETTE
HAMILTON,BURR
HAMILTON,MULLIGAN
HAMILTON,LAURENS
HAMILTON,LAFAYETTE
BURR,MULLIGAN
BURR,LAURENS
BURR,LAFAYETTE
MULLIGAN,LAURENS
MULLIGAN,LAFAYETTE
LAURENS,LAFAYETTE
HAMILTON,BURR
HAMILTON,MULLIGAN
HAMILTON,LAURENS
HAMILTON,LAFAYETTE
BURR,MULLIGAN
BURR,LAURENS
BURR,LAFAYETTE
MULLIGAN,LAURENS
MULLIGAN,LAFAYETTE
LAURENS,LAFAYETTE
HAMILTON,BURR
HAMILTON,MULLIGAN
HAMILTON,LAURENS
HAMILTON,LAFAYETTE
BURR,MULLIGAN
BURR,LAURENS
BURR,LAFAYETTE
MULLIGAN,LAURENS
MULLIGAN,LAFAYETTE
LAURENS,LAFAYETTE
HAMILTON,BURR
WASHINGTON,COMPANY
WASHINGTON,COMPANY
ANGELICA,ELIZA
ANGELICA,PEGGY
ELIZA,PEGGY
ANGELICA,ELIZA
ANGELICA,PEGGY
ANGELICA,WOMEN
ELIZA,PEGGY
ELIZA,WOMEN
PEGGY,WOMEN
ELIZA,ANGELICA
ELIZA,PEGGY
ANGELICA,PEGGY
ELIZA,ANGELICA
ELIZA,PEGGY
ELIZA,WOMEN
ANGELICA,PEGGY
ANGELICA,WOMEN
PEGGY,WOMEN
LAURENS,LAFAYETTE
LAURENS,MULLIGAN
LAFAYETTE,MULLIGAN
LAURENS,LAFAYETTE
LAURENS,MULLIGAN
LAFAYETTE,MULLIGAN
LAURENS,LAFAYETTE
LAURENS,MULLIGAN
LAFAYETTE,MULLIGAN
HAMILTON,BURR
HAMILTON,LAURENS
HAMILTON,WOMEN
BURR,LAURENS
BURR,WOMEN
LAURENS,WOMEN
ELIZA,WOMEN
ELIZA,WOMEN
ELIZA,WOMEN
HAMILTON,MEN
ELIZA,WOMEN
ANGELICA,COMPANY
ANGELICA,COMPANY
HAMILTON,MEN
ELIZA,WOMEN
MULLIGAN,LAFAYETTE
MULLIGAN,LAFAYETTE
MULLIGAN,LAFAYETTE
LAURENS,MULLIGAN
LAFAYETTE,HAMILTON
LAURENS,LAFAYETTE
LAURENS,HAMILTON
LAFAYETTE,HAMILTON
MULLIGAN,LAFAYETTE
BURR,ENSEMBLE
ELIZA,ANGELICA
ELIZA,WOMEN
ANGELICA,WOMEN
HAMILTON,LAURENS
HAMILTON,LAFAYETTE
LAURENS,LAFAYETTE
ELIZA,ANGELICA
HAMILTON,LAURENS
HAMILTON,LAFAYETTE
LAURENS,LAFAYETTE
BURR,HAMILTON
BURR,LAURENS
BURR,LEE
HAMILTON,LAURENS
HAMILTON,LEE
LAURENS,LEE
LAURENS,LEE
LAURENS,HAMILTON
LAURENS,BURR
LEE,HAMILTON
LEE,BURR
HAMILTON,BURR
HAMILTON,BURR
HAMILTON,BURR
LAFAYETTE,ENSEMBLE
WASHINGTON,COMPANY
WASHINGTON,COMPANY
WASHINGTON,COMPANY
WASHINGTON,COMPANY
HAMILTON,WASHINGTON
LAURENS,MULLIGAN
WASHINGTON,COMPANY
WASHINGTON,HAMILTON
WASHINGTON,MEN
HAMILTON,MEN
HAMILTON,LAFAYETTE
HAMILTON,LAURENS
HAMILTON,LAFAYETTE
HAMILTON,COMPANY
MULLIGAN,LAFAYETTE
MULLIGAN,LAURENS
LAFAYETTE,LAURENS
MULLIGAN,LAFAYETTE
MULLIGAN,LAURENS
MULLIGAN,HAMILTON
MULLIGAN,WASHINGTON
LAFAYETTE,LAURENS
LAFAYETTE,HAMILTON
LAFAYETTE,WASHINGTON
LAURENS,HAMILTON
LAURENS,WASHINGTON
HAMILTON,WASHINGTON
BURR,HAMILTON
BURR,ENSEMBLE
BURR,ENSEMBLE
BURR,MEN
BURR,COMPANY
BURR,MEN
WASHINGTON,MULLIGAN
WASHINGTON,LAURENS
WASHINGTON,LAFAYETTE
MULLIGAN,LAURENS
MULLIGAN,LAFAYETTE
LAURENS,LAFAYETTE
WASHINGTON,ENSEMBLE
JEFFERSON,MADISON
JEFFERSON,MADISON
JEFFERSON,MADISON
ELIZA,PHILIP
HAMILTON,ANGELICA
HAMILTON,ANGELICA
HAMILTON,ANGELICA
HAMILTON,ANGELICA
ELIZA,ANGELICA
ELIZA,ANGELICA
ELIZA,ANGELICA
HAMILTON,ENSEMBLE
HAMILTON,ENSEMBLE
BURR,ENSEMBLE
BURR,ENSEMBLE
BURR,COMPANY
BURR,COMPANY
BURR,COMPANY
BURR,COMPANY
BURR,COMPANY
BURR,COMPANY
BURR,COMPANY
BURR,COMPANY
BURR,COMPANY
HAMILTON,COMPANY
HAMILTON,JEFFERSON
HAMILTON,MADISON
HAMILTON,WASHINGTON
JEFFERSON,MADISON
JEFFERSON,WASHINGTON
MADISON,WASHINGTON
BURR,COMPANY
PHILIP,ELIZA
PHILIP,ELIZA
JEFFERSON,BURR
JEFFERSON,MADISON
JEFFERSON,BURR
MADISON,BURR
MADISON,JEFFERSON
MADISON,BURR
MADISON,JEFFERSON
BURR,JEFFERSON
JEFFERSON,MADISON
JEFFERSON,MADISON
JEFFERSON,BURR
MADISON,BURR
JEFFERSON,MADISON
JEFFERSON,BURR
JEFFERSON,ENSEMBLE
MADISON,BURR
MADISON,ENSEMBLE
BURR,ENSEMBLE
JEFFERSON,MADISON
JEFFERSON,BURR
MADISON,BURR
JEFFERSON,MADISON
JEFFERSON,BURR
MADISON,BURR
JEFFERSON,MADISON
JEFFERSON,BURR
MADISON,BURR
JEFFERSON,MADISON
JEFFERSON,BURR
MADISON,BURR
JEFFERSON,MADISON
JEFFERSON,BURR
MADISON,BURR
JEFFERSON,MADISON
JEFFERSON,BURR
MADISON,BURR
BURR,COMPANY
JEFFERSON,MADISON
BURR,JEFFERSON
BURR,MADISON
JEFFERSON,MADISON
JEFFERSON,MADISON
JEFFERSON,BURR
MADISON,BURR
JEFFERSON,MADISON
JEFFERSON,BURR
MADISON,BURR
JEFFERSON,MADISON
JEFFERSON,BURR
MADISON,BURR
JEFFERSON,MADISON
BURR,ENSEMBLE
WASHINGTON,ELIZA
WASHINGTON,ANGELICA
WASHINGTON,MARIA
ELIZA,ANGELICA
ELIZA,MARIA
ANGELICA,MARIA
JEFFERSON,MADISON
JEFFERSON,ANGELICA
MADISON,ANGELICA
BURR,JEFFERSON
BURR,MADISON
JEFFERSON,MADISON
HAMILTON,JEFFERSON
MADISON,BURR
MADISON,JEFFERSON
BURR,JEFFERSON
HAMILTON,JEFFERSON
HAMILTON,MADISON
JEFFERSON,MADISON
HAMILTON,JEFFERSON
MADISON,BURR
MADISON,BURR
MADISON,BURR
MADISON,BURR
MADISON,BURR
JEFFERSON,MADISON
JEFFERSON,BURR
MADISON,BURR
JEFFERSON,MADISON
JEFFERSON,BURR
MADISON,BURR
JEFFERSON,MADISON
JEFFERSON,MADISON
JEFFERSON,BURR
MADISON,BURR
HAMILTON,PHILIP
ANGELICA,ENSEMBLE
ANGELICA,WOMEN
ANGELICA,WOMEN
JEFFERSON,MADISON
JEFFERSON,MADISON
JEFFERSON,MADISON
MADISON,ENSEMBLE
JEFFERSON,MADISON
JEFFERSON,ENSEMBLE
MADISON,ENSEMBLE
JEFFERSON,MADISON
JEFFERSON,ENSEMBLE
MADISON,ENSEMBLE
JEFFERSON,MADISON
JEFFERSON,ENSEMBLE
MADISON,ENSEMBLE
MADISON,JEFFERSON
BURR,COMPANY
BURR,COMPANY
BURR,HAMILTON
BURR,COMPANY
BURR,PHILIP
BURR,HAMILTON
BURR,MEN
HAMILTON,MEN
BURR,COMPANY
BURR,ANGELICA
WASHINGTON,COMPANY
WASHINGTON,COMPANY
WASHINGTON,COMPANY
BURR,MEN
ANGELICA,WOMEN
MULLIGAN,LAFAYETTE
MULLIGAN,LAURENS
LAFAYETTE,LAURENS
ELIZA,COMPANY
ELIZA,ANGELICA
ELIZA,ANGELICA
ELIZA,ANGELICA
ELIZA,COMPANY
ELIZA,COMPANY
ELIZA,COMPANY
ELIZA,COMPANY
ELIZA,COMPANY
ELIZA,COMPANY
